Keywords,Links
Overview,https://docs.google.com/document/d/1p5rDNuK9mIxni1RhkkjeLSNqqB9YSSRoH8S9Il9XQRA/edit?usp=sharing
Central Library,https://www.sust.edu/173/content-details/13/4
Achievement,https://www.sust.edu/112/achievements/49
"Contact, Numer",https://www.sust.edu/38/contact-us/49
"Schools, Institutes, Departments",https://sust.edu/144/schools-departments/105
Foreign Students,https://sust.edu/190/content-details/29/5
Residential Halls,sust.edu/178/content-details/8/2
"Students Organization, Clubs",https://sust.edu/181/student-organizations/109
Campus Life,https://sust.edu/175/content-details/7/2
